postcode_area,cum_mean
CB9,513211.04357582383
CB6,523251.2574297156
CB7,585639.2568889805
CB8,1129971.0709551102
CB5,2072598.7562686384
